598779899,Nam Cb,8790436521,Mpc Addr,03-03-2021 ,Rejected
598779899,Mustard Oil(per L),5,550
179219230,Mpc Add,8790365412,Addd reggs,03-03-2021 ,Accepted
179219230,Onion,3,150
576308857,Nam Hjk,8365998536,Address,03-03-2021 ,Accepted
576308857,Coffee,2,370
424405470,Na Bcfg,7890365412,Address,03-03-2021 ,Accepted
424405470,Potato,3,75
407969573,Abc Singh,6901238745,123 Lane ,05-03-2021 ,Rejected
407969573,SpOnion,4,220
190789030,Sandeep Das,6798032145,AmD Lane Kolkata,05-03-2021 ,Accepted
190789030,Salt(per Kg),4,112
190789030,Mustard Oil(per L),2,220
484526524,Aka Sinha ,9031287456,M76 Lane West bengal,05-03-2021 ,Rejected
484526524,Cream,4,420
